{
    "mlp": {
        "alpha": [
            1e-8,
            7.742637e-8,
            5.994842e-7,
            4.641589e-6,
            3.5938137e-5,
            2.7825593e-4,
            2.1544348e-3,
            1.6681006e-2,
            1.2915497e-1,
            1
        ],
        "batch_size": [
            4,
            6,
            10,
            16,
            25,
            40,
            64,
            101,
            161,
            256
        ],
        "depth": [
            1,
            2,
            3
        ],
        "learning_rate_init": [
            1e-5,
            3.5938137e-5,
            1.2915497e-4,
            4.641589e-4,
            1.6681006e-3,
            5.9948424e-3,
            2.1544347e-2,
            7.742637e-2,
            2.7825594e-1,
            1
        ],
        "width": [
            16,
            25,
            40,
            64,
            101,
            161,
            256,
            406,
            645,
            1024
        ]
    },
    "xgb": {
        "colsample_bytree": [
            0.1,
            0.2,
            0.3,
            0.4,
            0.5,
            0.6,
            0.7,
            0.8,
            0.9,
            1
        ],
        "eta": [
            0.0009765625,
            0.0021094917,
            0.004556754,
            0.009843133,
            0.021262344,
            0.045929205,
            0.099212565,
            0.21431099,
            0.46293736,
            1
        ],
        "max_depth": [
            1,
            2,
            3,
            5,
            8,
            13,
            20,
            32,
            50
        ],
        "reg_lambda": [
            0.0009765625,
            0.004556754,
            0.021262344,
            0.099212565,
            0.46293736,
            2.1601195,
            10.079369,
            47.031506,
            219.45445,
            1024
        ]
    },
    "rf": {
        "max_depth": [
            1,
            2,
            3,
            5,
            8,
            13,
            20,
            32,
            50
        ],
        "max_features": [
            0,
            0.11111111,
            0.22222222,
            0.33333334,
            0.44444445,
            0.5555556,
            0.6666667,
            0.7777778,
            0.8888889,
            1
        ],
        "min_samples_leaf": [
            1,
            3,
            5,
            7,
            9,
            11,
            13,
            15,
            17,
            20
        ],
        "min_samples_split": [
            2,
            3,
            5,
            8,
            12,
            20,
            32,
            50,
            80,
            128
        ]
    }
}